CREATE DATABASE AtakAcademyDB
USE AtakAcademyDB

CREATE TABLE Birim(
  BirimId INT IDENTITY(1,1),
  BirimAd NVARCHAR(50)  
  PRIMARY KEY (BirimId) 
)
CREATE TABLE Unvan(
  UnvanId INT IDENTITY(1,1),
  UnvanAd NVARCHAR(50)  
  PRIMARY KEY (UnvanId) 
)


CREATE TABLE Il(
  ProjeId INT,
  IlId INT IDENTITY(1,1),
  IlAd NVARCHAR(50),
  FOREIGN KEY (ProjeId) REFERENCES Proje(ProjeId),
  PRIMARY KEY (IlId) 
)
CREATE TABLE Ilce(
  IlId INT,
  IlceAd NVARCHAR(50),
  IlceId INT IDENTITY (1,1),
  FOREIGN KEY (IlId) REFERENCES Il(IlID),
  PRIMARY KEY (IlceId) 
)
ALTER TABLE Ilce
ADD IlceId INT IDENTITY (1,1)




CREATE TABLE Proje(
  ProjeId INT IDENTITY(1,1),
  ProjeAd NVARCHAR(50),
  BaslamaTarihi DATE,
  BitisTarihi DATE,
  PRIMARY KEY (ProjeId)
)
CREATE TABLE Personel(
  PersonelTC NVARCHAR(11) UNIQUE,
  PersonelAdi NVARCHAR(50),
  PersonelSoyadi NVARCHAR(50),
  Cinsiyet NVARCHAR(25),
  DogumTarihi DATE,
  DogumYeri NVARCHAR(50),
  BaslamaTarihi DATE, 
  BirimNo INT,
  UnvanNo INT,
  Maas MONEY,
  Prim MONEY
  PRIMARY KEY (PersonelTC)
)

INSERT INTO Birim VALUES
('Hukuk'),
('Finans'),
('Pazarlama'),
('Planlama'),
('Proje Yönetimi')

INSERT INTO Unvan VALUES
('Mühendis'),
('IK Uzmaný'),
('Teknisyen'),
('Mimar'),
('Temizlik Görevlisi'),
('Müdür Yardýmcýsý'),
('Asistan'),
('Sekreter'),
('Denetmen'),
('Müdür')

INSERT INTO Il(IlAd) VALUES
('Adana'),('Adýyaman'),('Afyon'),('Aðrý'),('Amasya'),('Ankara'),('Antalya'),('Artvin'),('Aydýn'),('Balýkesir'),('Bilecik'),('Bingöl'),('Bitlis'),('Bolu'),('Burdur'),('Bursa'),('Çanakkale'),('Çankýrý'),('Çorum'),('Denizli'),('Diyarbakýr'),('Edirne'),('Elazýð'),('Erzincan'),('Erzurum'),('Eskiþehir'),('Gaziantep'),('Giresun'),('Gümüþhane'),('Hakkari'),('Hatay'),('Isparta'),('Mersin Ýçel'),('Ýstanbul'),('Ýzmir'),('Kars'),('Kastamonu'),('Kayseri'),('Kýrklareli'),('Kýrþehir'),('Kocaeli'),('Konya'),('Kütahya'),('Malatya'),('Manisa'),('Kahramanmaraþ'),('Mardin'),('Muðla'),('Muþ'),('Nevþehir'),('Niðde'),('Ordu'),('Rize'),('Sakarya'),('Samsun'),('Siirt'),('Sinop'),('Sivas'),('Tekirdað'),('Tokat'),('Trabzon'),('Tunceli'),('Þanlýurfa'),('Uþak'),('Van'),('Yozgat'),('Zonguldak'),('Aksaray'),('Bayburt'),('Karaman'),('Kýrýkkale'),('Batman'),('Þýrnak'),('Bartýn'),('Ardahan'),('Iðdýr'),('Yalova'),('Karabük'),('Kilis'),('Osmaniye'),('Düzce')


INSERT INTO Ilce(IlId,IlceAd) VALUES
(	1	,'Seyhan'	),
(	1	,'Ceyhan'	),
(	1	,'Feke'	),
(	1	,'Karaisalý'	),
(	1	,'Karataþ'	),
(	1	,'Kozan'	),
(	1	,'Pozantý'	),
(	1	,'Saimbeyli'	),
(	1	,'Tufanbeyli'	),
(	1	,'Yumurtalýk'	),
(	1	,'Yüreðir'	),
(	1	,'Aladað'	),
(	1	,'Ýmamoðlu'	),
(	1	,'Sarýçam'	),
(	1	,'Çukurova'	),
(	2	,'Adýyaman Merkez'	),
(	2	,'Besni'	),
(	2	,'Çelikhan'	),
(	2	,'Gerger'	),
(	2	,'Gölbaþý / Adýyaman'	),
(	2	,'Kahta'	),
(	2	,'Samsat'	),
(	2	,'Sincik'	),
(	2	,'Tut'	),
(	3	,'Afyonkarahisar Merkez'	),
(	3	,'Bolvadin'	),
(	3	,'Çay'	),
(	3	,'Dazkýrý'	),
(	3	,'Dinar'	),
(	3	,'Emirdað'	),
(	3	,'Ýhsaniye'	),
(	3	,'Sandýklý'	),
(	3	,'Sinanpaþa'	),
(	3	,'Sultandaðý'	),
(	3	,'Þuhut'	),
(	3	,'Baþmakçý'	),
(	3	,'Bayat / Afyonkarahisar'	),
(	3	,'Ýscehisar'	),
(	3	,'Çobanlar'	),
(	3	,'Evciler'	),
(	3	,'Hocalar'	),
(	3	,'Kýzýlören'	),
(	4	,'Aðrý Merkez'	),
(	4	,'Diyadin'	),
(	4	,'Doðubayazýt'	),
(	4	,'Eleþkirt'	),
(	4	,'Hamur'	),
(	4	,'Patnos'	),
(	4	,'Taþlýçay'	),
(	4	,'Tutak'	),
(	5	,'Amasya Merkez'	),
(	5	,'Göynücek'	),
(	5	,'Gümüþhacýköy'	),
(	5	,'Merzifon'	),
(	5	,'Suluova'	),
(	5	,'Taþova'	),
(	5	,'Hamamözü'	),
(	6	,'Altýndað'	),
(	6	,'Ayaþ'	),
(	6	,'Bala'	),
(	6	,'Beypazarý'	),
(	6	,'Çamlýdere'	),
(	6	,'Çankaya'	),
(	6	,'Çubuk'	),
(	6	,'Elmadað'	),
(	6	,'Güdül'	),
(	6	,'Haymana'	),
(	6	,'Kalecik'	),
(	6	,'Kýzýlcahamam'	),
(	6	,'Nallýhan'	),
(	6	,'Polatlý'	),
(	6	,'Þereflikoçhisar'	),
(	6	,'Yenimahalle'	),
(	6	,'Gölbaþý / Ankara'	),
(	6	,'Keçiören'	),
(	6	,'Mamak'	),
(	6	,'Sincan'	),
(	6	,'Kazan'	),
(	6	,'Akyurt'	),
(	6	,'Etimesgut'	),
(	6	,'Evren'	),
(	6	,'Pursaklar'	),
(	7	,'Akseki'	),
(	7	,'Alanya'	),
(	7	,'Elmalý'	),
(	7	,'Finike'	),
(	7	,'Gazipaþa'	),
(	7	,'Gündoðmuþ'	),
(	7	,'Kaþ'	),
(	7	,'Korkuteli'	),
(	7	,'Kumluca'	),
(	7	,'Manavgat'	),
(	7	,'Serik'	),
(	7	,'Demre'	),
(	7	,'Ýbradý'	),
(	7	,'Kemer / Antalya'	),
(	7	,'Aksu / Antalya'	),
(	7	,'Döþemealtý'	),
(	7	,'Kepez'	),
(	7	,'Konyaaltý'	),
(	7	,'Muratpaþa'	),
(	8	,'Ardanuç'	),
(	8	,'Arhavi'	),
(	8	,'Artvin Merkez'	),
(	8	,'Borçka'	),
(	8	,'Hopa'	),
(	8	,'Þavþat'	),
(	8	,'Yusufeli'	),
(	8	,'Murgul'	),
(	9	,'Bozdoðan'	),
(	9	,'Çine'	),
(	9	,'Germencik'	),
(	9	,'Karacasu'	),
(	9	,'Koçarlý'	),
(	9	,'Kuþadasý'	),
(	9	,'Kuyucak'	),
(	9	,'Nazilli'	),
(	9	,'Söke'	),
(	9	,'Sultanhisar'	),
(	9	,'Yenipazar / Aydýn'	),
(	9	,'Buharkent'	),
(	9	,'Ýncirliova'	),
(	9	,'Karpuzlu'	),
(	9	,'Köþk'	),
(	9	,'Didim'	),
(	9	,'Efeler'	),
(	10	,'Ayvalýk'	),
(	10	,'Balya'	),
(	10	,'Bandýrma'	),
(	10	,'Bigadiç'	),
(	10	,'Burhaniye'	),
(	10	,'Dursunbey'	),
(	10	,'Edremit / Balýkesir'	),
(	10	,'Erdek'	),
(	10	,'Gönen / Balýkesir'	),
(	10	,'Havran'	),
(	10	,'Ývrindi'	),
(	10	,'Kepsut'	),
(	10	,'Manyas'	),
(	10	,'Savaþtepe'	),
(	10	,'Sýndýrgý'	),
(	10	,'Susurluk'	),
(	10	,'Marmara'	),
(	10	,'Gömeç'	),
(	10	,'Altýeylül'	),
(	10	,'Karesi'	),
(	11	,'Bilecik Merkez'	),
(	11	,'Bozüyük'	),
(	11	,'Gölpazarý'	),
(	11	,'Osmaneli'	),
(	11	,'Pazaryeri'	),
(	11	,'Söðüt'	),
(	11	,'Yenipazar / Bilecik'	),
(	11	,'Ýnhisar'	),
(	12	,'Bingöl Merkez'	),
(	12	,'Genç'	),
(	12	,'Karlýova'	),
(	12	,'Kiðý'	),
(	12	,'Solhan'	),
(	12	,'Adaklý'	),
(	12	,'Yayladere'	),
(	12	,'Yedisu'	),
(	13	,'Adilcevaz'	),
(	13	,'Ahlat'	),
(	13	,'Bitlis Merkez'	),
(	13	,'Hizan'	),
(	13	,'Mutki'	),
(	13	,'Tatvan'	),
(	13	,'Güroymak'	),
(	14	,'Bolu Merkez'	),
(	14	,'Gerede'	),
(	14	,'Göynük'	),
(	14	,'Kýbrýscýk'	),
(	14	,'Mengen'	),
(	14	,'Mudurnu'	),
(	14	,'Seben'	),
(	14	,'Dörtdivan'	),
(	14	,'Yeniçaða'	),
(	15	,'Aðlasun'	),
(	15	,'Bucak'	),
(	15	,'Burdur Merkez'	),
(	15	,'Gölhisar'	),
(	15	,'Tefenni'	),
(	15	,'Yeþilova'	),
(	15	,'Karamanlý'	),
(	15	,'Kemer / Burdur'	),
(	15	,'Altýnyayla / Burdur'	),
(	15	,'Çavdýr'	),
(	15	,'Çeltikçi'	),
(	16	,'Gemlik'	),
(	16	,'Ýnegöl'	),
(	16	,'Ýznik'	),
(	16	,'Karacabey'	),
(	16	,'Keles'	),
(	16	,'Mudanya'	),
(	16	,'Mustafakemalpaþa'	),
(	16	,'Orhaneli'	),
(	16	,'Orhangazi'	),
(	16	,'Yeniþehir / Bursa'	),
(	16	,'Büyükorhan'	),
(	16	,'Harmancýk'	),
(	16	,'Nilüfer'	),
(	16	,'Osmangazi'	),
(	16	,'Yýldýrým'	),
(	16	,'Gürsu'	),
(	16	,'Kestel'	),
(	17	,'Ayvacýk / Çanakkale'	),
(	17	,'Bayramiç'	),
(	17	,'Biga'	),
(	17	,'Bozcaada'	),
(	17	,'Çan'	),
(	17	,'Çanakkale Merkez'	),
(	17	,'Eceabat'	),
(	17	,'Ezine'	),
(	17	,'Gelibolu'	),
(	17	,'Gökçeada'	),
(	17	,'Lapseki'	),
(	17	,'Yenice / Çanakkale'	),
(	18	,'Çankýrý Merkez'	),
(	18	,'Çerkeþ'	),
(	18	,'Eldivan'	),
(	18	,'Ilgaz'	),
(	18	,'Kurþunlu'	),
(	18	,'Orta'	),
(	18	,'Þabanözü'	),
(	18	,'Yapraklý'	),
(	18	,'Atkaracalar'	),
(	18	,'Kýzýlýrmak'	),
(	18	,'Bayramören'	),
(	18	,'Korgun'	),
(	19	,'Alaca'	),
(	19	,'Bayat / Çorum'	),
(	19	,'Çorum Merkez'	),
(	19	,'Ýskilip'	),
(	19	,'Kargý'	),
(	19	,'Mecitözü'	),
(	19	,'Ortaköy / Çorum'	),
(	19	,'Osmancýk'	),
(	19	,'Sungurlu'	),
(	19	,'Boðazkale'	),
(	19	,'Uðurludað'	),
(	19	,'Dodurga'	),
(	19	,'Laçin'	),
(	19	,'Oðuzlar'	),
(	20	,'Acýpayam'	),
(	20	,'Buldan'	),
(	20	,'Çal'	),
(	20	,'Çameli'	),
(	20	,'Çardak'	),
(	20	,'Çivril'	),
(	20	,'Güney'	),
(	20	,'Kale / Denizli'	),
(	20	,'Sarayköy'	),
(	20	,'Tavas'	),
(	20	,'Babadað'	),
(	20	,'Bekilli'	),
(	20	,'Honaz'	),
(	20	,'Serinhisar'	),
(	20	,'Pamukkale'	),
(	20	,'Baklan'	),
(	20	,'Beyaðaç'	),
(	20	,'Bozkurt / Denizli'	),
(	20	,'Merkezefendi'	),
(	21	,'Bismil'	),
(	21	,'Çermik'	),
(	21	,'Çýnar'	),
(	21	,'Çüngüþ'	),
(	21	,'Dicle'	),
(	21	,'Ergani'	),
(	21	,'Hani'	),
(	21	,'Hazro'	),
(	21	,'Kulp'	),
(	21	,'Lice'	),
(	21	,'Silvan'	),
(	21	,'Eðil'	),
(	21	,'Kocaköy'	),
(	21	,'Baðlar'	),
(	21	,'Kayapýnar'	),
(	21	,'Sur'	),
(	21	,'Yeniþehir / Diyarbakýr'	),
(	22	,'Edirne Merkez'	),
(	22	,'Enez'	),
(	22	,'Havsa'	),
(	22	,'Ýpsala'	),
(	22	,'Keþan'	),
(	22	,'Lalapaþa'	),
(	22	,'Meriç'	),
(	22	,'Uzunköprü'	),
(	22	,'Süloðlu'	),
(	23	,'Aðýn'	),
(	23	,'Baskil'	),
(	23	,'Elazýð Merkez'	),
(	23	,'Karakoçan'	),
(	23	,'Keban'	),
(	23	,'Maden'	),
(	23	,'Palu'	),
(	23	,'Sivrice'	),
(	23	,'Arýcak'	),
(	23	,'Kovancýlar'	),
(	23	,'Alacakaya'	),
(	24	,'Çayýrlý'	),
(	24	,'Erzincan Merkez'	),
(	24	,'Ýliç'	),
(	24	,'Kemah'	),
(	24	,'Kemaliye'	),
(	24	,'Refahiye'	),
(	24	,'Tercan'	),
(	24	,'Üzümlü'	),
(	24	,'Otlukbeli'	),
(	25	,'Aþkale'	),
(	25	,'Çat'	),
(	25	,'Hýnýs'	),
(	25	,'Horasan'	),
(	25	,'Ýspir'	),
(	25	,'Karayazý'	),
(	25	,'Narman'	),
(	25	,'Oltu'	),
(	25	,'Olur'	),
(	25	,'Pasinler'	),
(	25	,'Þenkaya'	),
(	25	,'Tekman'	),
(	25	,'Tortum'	),
(	25	,'Karaçoban'	),
(	25	,'Uzundere'	),
(	25	,'Pazaryolu'	),
(	25	,'Aziziye'	),
(	25	,'Köprüköy'	),
(	25	,'Palandöken'	),
(	25	,'Yakutiye'	),
(	26	,'Çifteler'	),
(	26	,'Mahmudiye'	),
(	26	,'Mihalýççýk'	),
(	26	,'Sarýcakaya'	),
(	26	,'Seyitgazi'	),
(	26	,'Sivrihisar'	),
(	26	,'Alpu'	),
(	26	,'Beylikova'	),
(	26	,'Ýnönü'	),
(	26	,'Günyüzü'	),
(	26	,'Han'	),
(	26	,'Mihalgazi'	),
(	26	,'Odunpazarý'	),
(	26	,'Tepebaþý'	),
(	27	,'Araban'	),
(	27	,'Ýslahiye'	),
(	27	,'Nizip'	),
(	27	,'Oðuzeli'	),
(	27	,'Yavuzeli'	),
(	27	,'Þahinbey'	),
(	27	,'Þehitkamil'	),
(	27	,'Karkamýþ'	),
(	27	,'Nurdaðý'	),
(	28	,'Alucra'	),
(	28	,'Bulancak'	),
(	28	,'Dereli'	),
(	28	,'Espiye'	),
(	28	,'Eynesil'	),
(	28	,'Giresun Merkez'	),
(	28	,'Görele'	),
(	28	,'Keþap'	),
(	28	,'Þebinkarahisar'	),
(	28	,'Tirebolu'	),
(	28	,'Piraziz'	),
(	28	,'Yaðlýdere'	),
(	28	,'Çamoluk'	),
(	28	,'Çanakçý'	),
(	28	,'Doðankent'	),
(	28	,'Güce'	),
(	29	,'Gümüþhane Merkez'	),
(	29	,'Kelkit'	),
(	29	,'Þiran'	),
(	29	,'Torul'	),
(	29	,'Köse'	),
(	29	,'Kürtün'	),
(	30	,'Çukurca'	),
(	30	,'Hakkari Merkez'	),
(	30	,'Þemdinli'	),
(	30	,'Yüksekova'	),
(	31	,'Altýnözü'	),
(	31	,'Dörtyol'	),
(	31	,'Hassa'	),
(	31	,'Ýskenderun'	),
(	31	,'Kýrýkhan'	),
(	31	,'Reyhanlý'	),
(	31	,'Samandað'	),
(	31	,'Yayladaðý'	),
(	31	,'Erzin'	),
(	31	,'Belen'	),
(	31	,'Kumlu'	),
(	31	,'Antakya'	),
(	31	,'Arsuz'	),
(	31	,'Defne'	),
(	31	,'Payas'	),
(	32	,'Atabey'	),
(	32	,'Eðirdir'	),
(	32	,'Gelendost'	),
(	32	,'Isparta Merkez'	),
(	32	,'Keçiborlu'	),
(	32	,'Senirkent'	),
(	32	,'Sütçüler'	),
(	32	,'Þarkikaraaðaç'	),
(	32	,'Uluborlu'	),
(	32	,'Yalvaç'	),
(	32	,'Aksu / Isparta'	),
(	32	,'Gönen / Isparta'	),
(	32	,'Yeniþarbademli'	),
(	33	,'Anamur'	),
(	33	,'Erdemli'	),
(	33	,'Gülnar'	),
(	33	,'Mut'	),
(	33	,'Silifke'	),
(	33	,'Tarsus'	),
(	33	,'Aydýncýk / Mersin'	),
(	33	,'Bozyazý'	),
(	33	,'Çamlýyayla'	),
(	33	,'Akdeniz'	),
(	33	,'Mezitli'	),
(	33	,'Toroslar'	),
(	33	,'Yeniþehir / Mersin'	),
(	34	,'Adalar'	),
(	34	,'Bakýrköy'	),
(	34	,'Beþiktaþ'	),
(	34	,'Beykoz'	),
(	34	,'Beyoðlu'	),
(	34	,'Çatalca'	),
(	34	,'Eyüp'	),
(	34	,'Fatih'	),
(	34	,'Gaziosmanpaþa'	),
(	34	,'Kadýköy'	),
(	34	,'Kartal'	),
(	34	,'Sarýyer'	),
(	34	,'Silivri'	),
(	34	,'Þile'	),
(	34	,'Þiþli'	),
(	34	,'Üsküdar'	),
(	34	,'Zeytinburnu'	),
(	34	,'Büyükçekmece'	),
(	34	,'Kaðýthane'	),
(	34	,'Küçükçekmece'	),
(	34	,'Pendik'	),
(	34	,'Ümraniye'	),
(	34	,'Bayrampaþa'	),
(	34	,'Avcýlar'	),
(	34	,'Baðcýlar'	),
(	34	,'Bahçelievler'	),
(	34	,'Güngören'	),
(	34	,'Maltepe'	),
(	34	,'Sultanbeyli'	),
(	34	,'Tuzla'	),
(	34	,'Esenler'	),
(	34	,'Arnavutköy'	),
(	34	,'Ataþehir'	),
(	34	,'Baþakþehir'	),
(	34	,'Beylikdüzü'	),
(	34	,'Çekmeköy'	),
(	34	,'Esenyurt'	),
(	34	,'Sancaktepe'	),
(	34	,'Sultangazi'	),
(	35	,'Aliaða'	),
(	35	,'Bayýndýr'	),
(	35	,'Bergama'	),
(	35	,'Bornova'	),
(	35	,'Çeþme'	),
(	35	,'Dikili'	),
(	35	,'Foça'	),
(	35	,'Karaburun'	),
(	35	,'Karþýyaka'	),
(	35	,'Kemalpaþa / Ýzmir'	),
(	35	,'Kýnýk'	),
(	35	,'Kiraz'	),
(	35	,'Menemen'	),
(	35	,'Ödemiþ'	),
(	35	,'Seferihisar'	),
(	35	,'Selçuk'	),
(	35	,'Tire'	),
(	35	,'Torbalý'	),
(	35	,'Urla'	),
(	35	,'Beydað'	),
(	35	,'Buca'	),
(	35	,'Konak'	),
(	35	,'Menderes'	),
(	35	,'Balçova'	),
(	35	,'Çiðli'	),
(	35	,'Gaziemir'	),
(	35	,'Narlýdere'	),
(	35	,'Güzelbahçe'	),
(	35	,'Bayraklý'	),
(	35	,'Karabaðlar'	),
(	36	,'Arpaçay'	),
(	36	,'Digor'	),
(	36	,'Kaðýzman'	),
(	36	,'Kars Merkez'	),
(	36	,'Sarýkamýþ'	),
(	36	,'Selim'	),
(	36	,'Susuz'	),
(	36	,'Akyaka'	),
(	37	,'Abana'	),
(	37	,'Araç'	),
(	37	,'Azdavay'	),
(	37	,'Bozkurt / Kastamonu'	),
(	37	,'Cide'	),
(	37	,'Çatalzeytin'	),
(	37	,'Daday'	),
(	37	,'Devrekani'	),
(	37	,'Ýnebolu'	),
(	37	,'Kastamonu Merkez'	),
(	37	,'Küre'	),
(	37	,'Taþköprü'	),
(	37	,'Tosya'	),
(	37	,'Ýhsangazi'	),
(	37	,'Pýnarbaþý / Kastamonu'	),
(	37	,'Þenpazar'	),
(	37	,'Aðlý'	),
(	37	,'Doðanyurt'	),
(	37	,'Hanönü'	),
(	37	,'Seydiler'	),
(	38	,'Bünyan'	),
(	38	,'Develi'	),
(	38	,'Felahiye'	),
(	38	,'Ýncesu'	),
(	38	,'Pýnarbaþý / Kayseri'	),
(	38	,'Sarýoðlan'	),
(	38	,'Sarýz'	),
(	38	,'Tomarza'	),
(	38	,'Yahyalý'	),
(	38	,'Yeþilhisar'	),
(	38	,'Akkýþla'	),
(	38	,'Talas'	),
(	38	,'Kocasinan'	),
(	38	,'Melikgazi'	),
(	38	,'Hacýlar'	),
(	38	,'Özvatan'	),
(	39	,'Babaeski'	),
(	39	,'Demirköy'	),
(	39	,'Kýrklareli Merkez'	),
(	39	,'Kofçaz'	),
(	39	,'Lüleburgaz'	),
(	39	,'Pehlivanköy'	),
(	39	,'Pýnarhisar'	),
(	39	,'Vize'	),
(	40	,'Çiçekdaðý'	),
(	40	,'Kaman'	),
(	40	,'Kýrþehir Merkez'	),
(	40	,'Mucur'	),
(	40	,'Akpýnar'	),
(	40	,'Akçakent'	),
(	40	,'Boztepe'	),
(	41	,'Gebze'	),
(	41	,'Gölcük'	),
(	41	,'Kandýra'	),
(	41	,'Karamürsel'	),
(	41	,'Körfez'	),
(	41	,'Derince'	),
(	41	,'Baþiskele'	),
(	41	,'Çayýrova'	),
(	41	,'Darýca'	),
(	41	,'Dilovasý'	),
(	41	,'Ýzmit'	),
(	41	,'Kartepe'	),
(	42	,'Akþehir'	),
(	42	,'Beyþehir'	),
(	42	,'Bozkýr'	),
(	42	,'Cihanbeyli'	),
(	42	,'Çumra'	),
(	42	,'Doðanhisar'	),
(	42	,'Ereðli / Konya'	),
(	42	,'Hadim'	),
(	42	,'Ilgýn'	),
(	42	,'Kadýnhaný'	),
(	42	,'Karapýnar'	),
(	42	,'Kulu'	),
(	42	,'Sarayönü'	),
(	42	,'Seydiþehir'	),
(	42	,'Yunak'	),
(	42	,'Akören'	),
(	42	,'Altýnekin'	),
(	42	,'Derebucak'	),
(	42	,'Hüyük'	),
(	42	,'Karatay'	),
(	42	,'Meram'	),
(	42	,'Selçuklu'	),
(	42	,'Taþkent'	),
(	42	,'Ahýrlý'	),
(	42	,'Çeltik'	),
(	42	,'Derbent'	),
(	42	,'Emirgazi'	),
(	42	,'Güneysýnýr'	),
(	42	,'Halkapýnar'	),
(	42	,'Tuzlukçu'	),
(	42	,'Yalýhüyük'	),
(	43	,'Altýntaþ'	),
(	43	,'Domaniç'	),
(	43	,'Emet'	),
(	43	,'Gediz'	),
(	43	,'Kütahya Merkez'	),
(	43	,'Simav'	),
(	43	,'Tavþanlý'	),
(	43	,'Aslanapa'	),
(	43	,'Dumlupýnar'	),
(	43	,'Hisarcýk'	),
(	43	,'Þaphane'	),
(	43	,'Çavdarhisar'	),
(	43	,'Pazarlar'	),
(	44	,'Akçadað'	),
(	44	,'Arapgir'	),
(	44	,'Arguvan'	),
(	44	,'Darende'	),
(	44	,'Doðanþehir'	),
(	44	,'Hekimhan'	),
(	44	,'Pütürge'	),
(	44	,'Yeþilyurt / Malatya'	),
(	44	,'Battalgazi'	),
(	44	,'Doðanyol'	),
(	44	,'Kale / Malatya'	),
(	44	,'Kuluncak'	),
(	44	,'Yazýhan'	),
(	45	,'Akhisar'	),
(	45	,'Alaþehir'	),
(	45	,'Demirci'	),
(	45	,'Gördes'	),
(	45	,'Kýrkaðaç'	),
(	45	,'Kula'	),
(	45	,'Salihli'	),
(	45	,'Sarýgöl'	),
(	45	,'Saruhanlý'	),
(	45	,'Selendi'	),
(	45	,'Soma'	),
(	45	,'Turgutlu'	),
(	45	,'Ahmetli'	),
(	45	,'Gölmarmara'	),
(	45	,'Köprübaþý / Manisa'	),
(	45	,'Þehzadeler'	),
(	45	,'Yunusemre'	),
(	46	,'Afþin'	),
(	46	,'Andýrýn'	),
(	46	,'Elbistan'	),
(	46	,'Göksun'	),
(	46	,'Pazarcýk'	),
(	46	,'Türkoðlu'	),
(	46	,'Çaðlayancerit'	),
(	46	,'Ekinözü'	),
(	46	,'Nurhak'	),
(	46	,'Dulkadiroðlu'	),
(	46	,'Onikiþubat'	),
(	47	,'Derik'	),
(	47	,'Kýzýltepe'	),
(	47	,'Mazýdaðý'	),
(	47	,'Midyat'	),
(	47	,'Nusaybin'	),
(	47	,'Ömerli'	),
(	47	,'Savur'	),
(	47	,'Dargeçit'	),
(	47	,'Yeþilli'	),
(	47	,'Artuklu'	),
(	48	,'Bodrum'	),
(	48	,'Datça'	),
(	48	,'Fethiye'	),
(	48	,'Köyceðiz'	),
(	48	,'Marmaris'	),
(	48	,'Milas'	),
(	48	,'Ula'	),
(	48	,'Yataðan'	),
(	48	,'Dalaman'	),
(	48	,'Ortaca'	),
(	48	,'Kavaklýdere'	),
(	48	,'Menteþe'	),
(	48	,'Seydikemer'	),
(	49	,'Bulanýk'	),
(	49	,'Malazgirt'	),
(	49	,'Muþ Merkez'	),
(	49	,'Varto'	),
(	49	,'Hasköy'	),
(	49	,'Korkut'	),
(	50	,'Avanos'	),
(	50	,'Derinkuyu'	),
(	50	,'Gülþehir'	),
(	50	,'Hacýbektaþ'	),
(	50	,'Kozaklý'	),
(	50	,'Nevþehir Merkez'	),
(	50	,'Ürgüp'	),
(	50	,'Acýgöl'	),
(	51	,'Bor'	),
(	51	,'Çamardý'	),
(	51	,'Niðde Merkez'	),
(	51	,'Ulukýþla'	),
(	51	,'Altunhisar'	),
(	51	,'Çiftlik'	),
(	52	,'Akkuþ'	),
(	52	,'Aybastý'	),
(	52	,'Fatsa'	),
(	52	,'Gölköy'	),
(	52	,'Korgan'	),
(	52	,'Kumru'	),
(	52	,'Mesudiye'	),
(	52	,'Perþembe'	),
(	52	,'Ulubey / Ordu'	),
(	52	,'Ünye'	),
(	52	,'Gülyalý'	),
(	52	,'Gürgentepe'	),
(	52	,'Çamaþ'	),
(	52	,'Çatalpýnar'	),
(	52	,'Çaybaþý'	),
(	52	,'Ýkizce'	),
(	52	,'Kabadüz'	),
(	52	,'Kabataþ'	),
(	52	,'Altýnordu'	),
(	53	,'Ardeþen'	),
(	53	,'Çamlýhemþin'	),
(	53	,'Çayeli'	),
(	53	,'Fýndýklý'	),
(	53	,'Ýkizdere'	),
(	53	,'Kalkandere'	),
(	53	,'Pazar / Rize'	),
(	53	,'Rize Merkez'	),
(	53	,'Güneysu'	),
(	53	,'Derepazarý'	),
(	53	,'Hemþin'	),
(	53	,'Ýyidere'	),
(	54	,'Akyazý'	),
(	54	,'Geyve'	),
(	54	,'Hendek'	),
(	54	,'Karasu'	),
(	54	,'Kaynarca'	),
(	54	,'Sapanca'	),
(	54	,'Kocaali'	),
(	54	,'Pamukova'	),
(	54	,'Taraklý'	),
(	54	,'Ferizli'	),
(	54	,'Karapürçek'	),
(	54	,'Söðütlü'	),
(	54	,'Adapazarý'	),
(	54	,'Arifiye'	),
(	54	,'Erenler'	),
(	54	,'Serdivan'	),
(	55	,'Alaçam'	),
(	55	,'Bafra'	),
(	55	,'Çarþamba'	),
(	55	,'Havza'	),
(	55	,'Kavak'	),
(	55	,'Ladik'	),
(	55	,'Terme'	),
(	55	,'Vezirköprü'	),
(	55	,'Asarcýk'	),
(	55	,'19.May'	),
(	55	,'Salýpazarý'	),
(	55	,'Tekkeköy'	),
(	55	,'Ayvacýk / Samsun'	),
(	55	,'Yakakent'	),
(	55	,'Atakum'	),
(	55	,'Canik'	),
(	55	,'Ýlkadým'	),
(	56	,'Baykan'	),
(	56	,'Eruh'	),
(	56	,'Kurtalan'	),
(	56	,'Pervari'	),
(	56	,'Siirt Merkez'	),
(	56	,'Þirvan'	),
(	56	,'Tillo'	),
(	57	,'Ayancýk'	),
(	57	,'Boyabat'	),
(	57	,'Duraðan'	),
(	57	,'Erfelek'	),
(	57	,'Gerze'	),
(	57	,'Sinop Merkez'	),
(	57	,'Türkeli'	),
(	57	,'Dikmen'	),
(	57	,'Saraydüzü'	),
(	58	,'Divriði'	),
(	58	,'Gemerek'	),
(	58	,'Gürün'	),
(	58	,'Hafik'	),
(	58	,'Ýmranlý'	),
(	58	,'Kangal'	),
(	58	,'Koyulhisar'	),
(	58	,'Sivas Merkez'	),
(	58	,'Suþehri'	),
(	58	,'Þarkýþla'	),
(	58	,'Yýldýzeli'	),
(	58	,'Zara'	),
(	58	,'Akýncýlar'	),
(	58	,'Altýnyayla / Sivas'	),
(	58	,'Doðanþar'	),
(	58	,'Gölova'	),
(	58	,'Ulaþ'	),
(	59	,'Çerkezköy'	),
(	59	,'Çorlu'	),
(	59	,'Hayrabolu'	),
(	59	,'Malkara'	),
(	59	,'Muratlý'	),
(	59	,'Saray / Tekirdað'	),
(	59	,'Þarköy'	),
(	59	,'Marmaraereðlisi'	),
(	59	,'Ergene'	),
(	59	,'Kapaklý'	),
(	59	,'Süleymanpaþa'	),
(	60	,'Almus'	),
(	60	,'Artova'	),
(	60	,'Erbaa'	),
(	60	,'Niksar'	),
(	60	,'Reþadiye'	),
(	60	,'Tokat Merkez'	),
(	60	,'Turhal'	),
(	60	,'Zile'	),
(	60	,'Pazar / Tokat'	),
(	60	,'Yeþilyurt / Tokat'	),
(	60	,'Baþçiftlik'	),
(	60	,'Sulusaray'	),
(	61	,'Akçaabat'	),
(	61	,'Araklý'	),
(	61	,'Arsin'	),
(	61	,'Çaykara'	),
(	61	,'Maçka'	),
(	61	,'Of'	),
(	61	,'Sürmene'	),
(	61	,'Tonya'	),
(	61	,'Vakfýkebir'	),
(	61	,'Yomra'	),
(	61	,'Beþikdüzü'	),
(	61	,'Þalpazarý'	),
(	61	,'Çarþýbaþý'	),
(	61	,'Dernekpazarý'	),
(	61	,'Düzköy'	),
(	61	,'Hayrat'	),
(	61	,'Köprübaþý / Trabzon'	),
(	61	,'Ortahisar'	),
(	62	,'Çemiþgezek'	),
(	62	,'Hozat'	),
(	62	,'Mazgirt'	),
(	62	,'Nazýmiye'	),
(	62	,'Ovacýk / Tunceli'	),
(	62	,'Pertek'	),
(	62	,'Pülümür'	),
(	62	,'Tunceli Merkez'	),
(	63	,'Akçakale'	),
(	63	,'Birecik'	),
(	63	,'Bozova'	),
(	63	,'Ceylanpýnar'	),
(	63	,'Halfeti'	),
(	63	,'Hilvan'	),
(	63	,'Siverek'	),
(	63	,'Suruç'	),
(	63	,'Viranþehir'	),
(	63	,'Harran'	),
(	63	,'Eyyübiye'	),
(	63	,'Haliliye'	),
(	63	,'Karaköprü'	),
(	64	,'Banaz'	),
(	64	,'Eþme'	),
(	64	,'Karahallý'	),
(	64	,'Sivaslý'	),
(	64	,'Ulubey / Uþak'	),
(	64	,'Uþak Merkez'	),
(	65	,'Baþkale'	),
(	65	,'Çatak'	),
(	65	,'Erciþ'	),
(	65	,'Gevaþ'	),
(	65	,'Gürpýnar'	),
(	65	,'Muradiye'	),
(	65	,'Özalp'	),
(	65	,'Bahçesaray'	),
(	65	,'Çaldýran'	),
(	65	,'Edremit / Van'	),
(	65	,'Saray / Van'	),
(	65	,'Ýpekyolu'	),
(	65	,'Tuþba'	),
(	66	,'Akdaðmadeni'	),
(	66	,'Boðazlýyan'	),
(	66	,'Çayýralan'	),
(	66	,'Çekerek'	),
(	66	,'Sarýkaya'	),
(	66	,'Sorgun'	),
(	66	,'Þefaatli'	),
(	66	,'Yerköy'	),
(	66	,'Yozgat Merkez'	),
(	66	,'Aydýncýk / Yozgat'	),
(	66	,'Çandýr'	),
(	66	,'Kadýþehri'	),
(	66	,'Saraykent'	),
(	66	,'Yenifakýlý'	),
(	67	,'Çaycuma'	),
(	67	,'Devrek'	),
(	67	,'Ereðli / Zonguldak'	),
(	67	,'Zonguldak Merkez'	),
(	67	,'Alaplý'	),
(	67	,'Gökçebey'	),
(	67	,'Kilimli'	),
(	67	,'Kozlu'	),
(	68	,'Aksaray Merkez'	),
(	68	,'Ortaköy / Aksaray'	),
(	68	,'Aðaçören'	),
(	68	,'Güzelyurt'	),
(	68	,'Sarýyahþi'	),
(	68	,'Eskil'	),
(	68	,'Gülaðaç'	),
(	69	,'Bayburt Merkez'	),
(	69	,'Aydýntepe'	),
(	69	,'Demirözü'	),
(	70	,'Ermenek'	),
(	70	,'Karaman Merkez'	),
(	70	,'Ayrancý'	),
(	70	,'Kazýmkarabekir'	),
(	70	,'Baþyayla'	),
(	70	,'Sarýveliler'	),
(	71	,'Delice'	),
(	71	,'Keskin'	),
(	71	,'Kýrýkkale Merkez'	),
(	71	,'Sulakyurt'	),
(	71	,'Bahþili'	),
(	71	,'Balýþeyh'	),
(	71	,'Çelebi'	),
(	71	,'Karakeçili'	),
(	71	,'Yahþihan'	),
(	72	,'Batman Merkez'	),
(	72	,'Beþiri'	),
(	72	,'Gercüþ'	),
(	72	,'Kozluk'	),
(	72	,'Sason'	),
(	72	,'Hasankeyf'	),
(	73	,'Beytüþþebap'	),
(	73	,'Cizre'	),
(	73	,'Ýdil'	),
(	73	,'Silopi'	),
(	73	,'Þýrnak Merkez'	),
(	73	,'Uludere'	),
(	73	,'Güçlükonak'	),
(	74	,'Bartýn Merkez'	),
(	74	,'Kurucaþile'	),
(	74	,'Ulus'	),
(	74	,'Amasra'	),
(	75	,'Ardahan Merkez'	),
(	75	,'Çýldýr'	),
(	75	,'Göle'	),
(	75	,'Hanak'	),
(	75	,'Posof'	),
(	75	,'Damal'	),
(	76	,'Aralýk'	),
(	76	,'Iðdýr Merkez'	),
(	76	,'Tuzluca'	),
(	76	,'Karakoyunlu'	),
(	77	,'Yalova Merkez'	),
(	77	,'Altýnova'	),
(	77	,'Armutlu'	),
(	77	,'Çýnarcýk'	),
(	77	,'Çiftlikköy'	),
(	77	,'Termal'	),
(	78	,'Eflani'	),
(	78	,'Eskipazar'	),
(	78	,'Karabük Merkez'	),
(	78	,'Ovacýk / Karabük'	),
(	78	,'Safranbolu'	),
(	78	,'Yenice / Karabük'	),
(	79	,'Kilis Merkez'	),
(	79	,'Elbeyli'	),
(	79	,'Musabeyli'	),
(	79	,'Polateli'	),
(	80	,'Bahçe'	),
(	80	,'Kadirli'	),
(	80	,'Osmaniye Merkez'	),
(	80	,'Düziçi'	),
(	80	,'Hasanbeyli'	),
(	80	,'Sumbas'	),
(	80	,'Toprakkale'	),
(	81	,'Akçakoca'	),
(	81	,'Düzce Merkez'	),
(	81	,'Yýðýlca'	),
(	81	,'Cumayeri'	),
(	81	,'Gölyaka'	),
(	81	,'Çilimli'	),
(	81	,'Gümüþova'	),
(	81	,'Kaynaþlý'	)







CREATE TABLE ProjeVeIller
(
    ProjeId INT,
	IlId INT,
	FOREIGN KEY (ProjeID) REFERENCES  Proje(ProjeID),
	FOREIGN KEY (IlId) REFERENCES  Il(IlId)
)

INSERT INTO Proje(ProjeAd,BaslamaTarihi,BitisTarihi) VALUES
('FullStack - Yazýlýmcý Geliþtirme','2025-01-07','2025-08-07'),
('Back-End - Yazýlýmcý Gelistirme','2025-01-07','2025-08-07'),
('Front-End - Yazýlýmcý Gelistirme','2025-01-07','2025-08-07'),
('Dev-Opps - Yazýlýmcý Gelistirme','2025-01-07','2025-08-07'),
('Database - Yazýlýmcý Gelistirme','2025-01-07','2025-08-07'),
('Yapay Zeka - Yazýlýmcý Gelistirme','2025-01-07','2025-08-07'),
('Robotik - Yazýlýmcý Gelistirme','2025-01-07','2025-08-07'),
('Gömülü - Yazýlýmcý Gelistirme','2025-01-07','2025-08-07'),
('Mobil - Yazýlýmcý Gelistirme','2025-01-07','2025-08-07'),
('IOS - Yazýlýmcý Gelistirme','2025-01-07','2025-08-07')

INSERT INTO Personel([PersonelTC],[PersonelAdi],[Cinsiyet],[DogumTarihi],[DogumYeri],[BaslamaTarihi],[BirimNo],[UnvanNo],[Maas],[Prim],[ProjeId]) VALUES
('31236720195','Atakan','Erkek','1995-01-05','Ankara','2020-06-06',   1,1,10000,0,2),
('36324242334','Mustafa','Erkek','1990-01-05','Ýstanbul','2020-06-06',1,1,10000,0,4),
('85452342345','Gökçehan','Erkek','1985-01-05','Ankara','2020-06-06' ,2,3,10000,0,5),
('12352323442','Aykut','Erkek','1958-01-05','Ankara','2020-06-06'    ,4,3,10000,0,1),
('12462342344','Hasret','Kadýn','2000-01-05','Ýstanbul','2020-06-06' ,2,5,10000,0,1),
('12345234234','Ege','Erkek','1992-01-05','Ankara','2020-06-06'      ,5,6,10000,0,3),
('12341251232','Baran','Erkek','2010-01-05','Ankara','2020-06-06'    ,2,7,10000,0,9),
('53235234234','Oðuz','Erkek','2000-01-05','Ýzmir','2020-06-06'      ,1,8,10000,0,8),
('75365645645','Fatih','Erkek','1996-01-05','Ankara','2020-06-06'    ,3,9,11000,1,8),
('23423523434','Kaan','Erkek','1994-01-05','Maraþ','2020-06-06'      ,2,7,12000,2,8),
('12312312312','Can','Erkek','1910-01-05','Ankara','2020-06-06'      ,5,8,10000,0,7)



ALTER TABLE Personel
ADD FOREIGN KEY (UnvanNo) REFERENCES Unvan(UnvanId)


ALTER TABLE Personel
ADD FOREIGN KEY (BirimNo) REFERENCES Birim(BirimId)

ALTER TABLE Personel
ADD ProjeId INT FOREIGN KEY (ProjeId) REFERENCES Proje(ProjeId) 

INSERT INTO ProjeVeIller(IlId,ProjeId) VALUES
(1,2),
(1,6),
(1,9),
(6,1),
(6,5),
(6,7),
(6,9),
(6,2),
(6,3),
(6,4),
(34,1),
(34,2),
(34,3),
(34,4),
(34,5),
(34,6),
(34,7),
(34,8),
(34,9),
(35,1),
(35,2),
(35,4),
(35,8),
(61,1),
(61,3),
(61,7),
(55,4),
(55,6)








